pnpm gen:types	0	.factory/clipboard/check-1.log
pnpm check	0	.factory/clipboard/check-2.log
pnpm check:types	0	.factory/clipboard/check-3.log
pnpm --filter explorer test --run	0	.factory/clipboard/check-4.log
pnpm --filter explorer check:env	0	.factory/clipboard/check-5.log
pnpm --filter explorer check:types:test	0	.factory/clipboard/check-6.log
pnpm exec biome check .	0	.factory/clipboard/check-7.log
pnpm lint:tempo	1	.factory/clipboard/check-8.log
pnpm --filter explorer build	0	.factory/clipboard/check-9.log
pnpm precommit	0	.factory/clipboard/check-10.log
pnpm gen:types	0	.factory/clipboard/check-1.log
pnpm check	0	.factory/clipboard/check-2.log
pnpm check:types	0	.factory/clipboard/check-3.log
pnpm --filter explorer test --run	0	.factory/clipboard/check-4.log
pnpm --filter explorer check:env	0	.factory/clipboard/check-5.log
pnpm --filter explorer check:types:test	0	.factory/clipboard/check-6.log
pnpm exec biome check .	1	.factory/clipboard/check-7.log
pnpm lint:tempo	0	.factory/clipboard/check-8.log
pnpm --filter explorer build	0	.factory/clipboard/check-9.log
pnpm precommit	0	.factory/clipboard/check-10.log
